1st,2nd,3rd,PRIZE,1 / Probability
1,2,3,$                      64.00,96.64
1,3,2,$                      68.00,101.91
2,1,3,$                      69.00,103.53
3,1,2,$                      76.00,113.53
2,3,1,$                      79.00,118.57
3,2,1,$                      82.00,123.30
1,2,4,$                      90.00,135.30
2,1,4,$                      97.00,144.95
1,4,2,$                    101.00,151.08
1,2,5,$                    116.00,173.94
2,4,1,$                    117.00,175.01
4,1,2,$                    117.00,175.72
1,3,4,$                    119.00,178.32
2,1,5,$                    124.00,186.36
1,4,3,$                    126.00,188.86
4,2,1,$                    127.00,190.01
1,2,6,$                    129.00,193.27
3,1,4,$                    132.00,198.69
1,5,2,$                    133.00,200.28
2,1,6,$                    138.00,207.08
1,2,7,$                    142.00,212.59
4,1,3,$                    146.00,219.64
1,6,2,$                    150.00,224.87
2,1,7,$                    152.00,227.79
1,3,5,$                    153.00,229.25
1,2,8,$                    154.00,231.91
2,5,1,$                    154.00,231.48
3,4,1,$                    158.00,237.76
5,1,2,$                    159.00,238.38
2,1,8,$                    165.00,248.51
4,3,1,$                    165.00,248.20
1,7,2,$                    166.00,249.44
1,5,3,$                    167.00,250.31
1,3,6,$                    170.00,254.78
3,1,5,$                    170.00,255.43
5,2,1,$                    171.00,257.14
2,6,1,$                    173.00,259.67
6,1,2,$                    180.00,269.76
1,8,2,$                    183.00,274.05
2,3,4,$                    184.00,276.63
1,3,7,$                    187.00,280.19
1,6,3,$                    187.00,281.06
3,1,6,$                    189.00,283.85
2,7,1,$                    192.00,287.94
3,2,4,$                    192.00,287.69
1,2,9,$                    193.00,289.94
2,4,3,$                    194.00,291.72
6,2,1,$                    194.00,290.78
5,1,3,$                    198.00,297.97
7,1,2,$                    201.00,301.20
2,1,9,$                    207.00,310.56
1,7,3,$                    208.00,311.82
3,1,7,$                    208.00,312.21
3,5,1,$                    209.00,314.07
2,8,1,$                    211.00,316.16
3,4,2,$                    211.00,317.06
4,2,3,$                    211.00,316.66
7,2,1,$                    216.00,324.46
4,3,2,$                    220.00,330.91
8,1,2,$                    222.00,332.67
5,3,1,$                    223.00,335.57
6,1,3,$                    225.00,337.15
1,4,5,$                    226.00,339.90
3,1,8,$                    227.00,340.60
1,8,3,$                    228.00,342.58
1,9,2,$                    232.00,347.83
1,5,4,$                    233.00,350.51
3,6,1,$                    235.00,352.24
2,3,5,$                    237.00,355.75
8,2,1,$                    239.00,358.29
3,2,5,$                    246.00,369.96
7,1,3,$                    251.00,376.51
1,4,6,$                    252.00,377.64
6,3,1,$                    253.00,379.36
1,3,9,$                    254.00,382.12
1,2,10,$                    257.00,386.55
2,5,3,$                    257.00,385.80
3,7,1,$                    260.00,390.32
1,6,4,$                    262.00,393.55
2,3,6,$                    263.00,395.26
4,1,5,$                    263.00,395.41
2,9,1,$                    267.00,400.80
3,2,6,$                    274.00,411.02
2,1,10,$                    276.00,414.08
1,4,7,$                    277.00,415.45
8,1,3,$                    277.00,415.80
5,1,4,$                    278.00,417.19
3,5,2,$                    279.00,418.76
7,3,1,$                    282.00,423.19
3,1,9,$                    284.00,425.71
3,8,1,$                    285.00,428.45
5,2,3,$                    285.00,428.63
9,1,2,$                    285.00,427.17
2,6,3,$                    288.00,432.90
1,9,3,$                    290.00,434.78
2,3,7,$                    290.00,434.78
1,7,4,$                    291.00,436.49
4,1,6,$                    293.00,439.37
5,3,2,$                    298.00,447.43
3,2,7,$                    301.00,452.08
1,4,8,$                    302.00,453.31
8,3,1,$                    311.00,466.85
3,6,2,$                    313.00,469.70
1,10,2,$                    314.00,470.81
6,1,4,$                    314.00,472.14
2,3,8,$                    316.00,474.16
1,8,4,$                    319.00,479.62
2,7,3,$                    320.00,479.85
4,5,1,$                    320.00,481.00
1,2,11,$                    322.00,483.09
4,1,7,$                    322.00,483.33
6,2,3,$                    323.00,484.73
3,2,8,$                    328.00,493.10
5,4,1,$                    328.00,492.37
1,5,6,$                    333.00,500.75
1,6,5,$                    337.00,505.82
6,3,2,$                    337.00,505.82
1,3,10,$                    339.00,509.42
2,1,11,$                    345.00,517.60
3,7,2,$                    347.00,520.56
2,4,5,$                    350.00,524.93
2,8,3,$                    351.00,526.87
4,1,8,$                    351.00,527.15
7,1,4,$                    351.00,527.15
9,1,3,$                    356.00,533.90
4,6,1,$                    359.00,539.37
2,5,4,$                    360.00,539.96
7,2,3,$                    360.00,540.83
2,10,1,$                    361.00,542.01
3,9,1,$                    362.00,542.89
1,5,7,$                    367.00,550.66
6,4,1,$                    370.00,556.17
1,7,5,$                    374.00,561.17
7,3,2,$                    376.00,564.02
1,4,9,$                    377.00,566.57
3,1,10,$                    378.00,567.54
4,2,5,$                    380.00,570.13
3,8,2,$                    381.00,571.43
1,2,12,$                    386.00,579.71
8,1,4,$                    388.00,582.07
2,4,6,$                    389.00,583.43
10,1,2,$                    390.00,584.80
1,10,3,$                    392.00,588.58
1,11,2,$                    395.00,593.82
2,3,9,$                    395.00,592.77
5,1,6,$                    397.00,595.95
4,7,1,$                    398.00,597.37
8,2,3,$                    398.00,597.01
9,3,1,$                    399.00,598.80
1,5,8,$                    400.00,600.96
5,2,4,$                    400.00,599.88
2,6,4,$                    404.00,606.06
1,9,4,$                    405.00,608.64
1,8,5,$                    411.00,616.52
3,2,9,$                    411.00,616.52
1,6,7,$                    412.00,618.43
7,4,1,$                    413.00,620.35
2,1,12,$                    414.00,621.12
1,7,6,$                    415.00,623.44
8,3,2,$                    415.00,622.67
10,2,1,$                    419.00,628.54
4,2,6,$                    422.00,633.31
1,3,11,$                    424.00,636.94
2,4,7,$                    427.00,641.85
4,5,2,$                    427.00,641.44
4,8,1,$                    437.00,655.74
5,1,7,$                    437.00,655.31
5,4,2,$                    437.00,656.17
4,1,9,$                    439.00,658.76
2,9,3,$                    445.00,668.00
2,7,4,$                    447.00,671.59
1,6,8,$                    449.00,674.76
7,1,5,$                    451.00,677.51
6,2,4,$                    452.00,678.43
2,11,1,$                    455.00,683.06
1,8,6,$                    456.00,684.93
8,4,1,$                    456.00,684.46
4,2,7,$                    464.00,696.86
2,4,8,$                    466.00,700.28
3,1,11,$                    473.00,709.72
3,4,5,$                    475.00,713.27
5,1,8,$                    476.00,715.31
1,12,2,$                    477.00,716.85
4,6,2,$                    479.00,718.91
3,9,2,$                    482.00,724.11
5,6,1,$                    484.00,727.27
10,1,3,$                    487.00,730.99
3,5,4,$                    488.00,732.60
6,5,1,$                    488.00,733.14
3,10,1,$                    489.00,733.68
2,8,4,$                    491.00,737.46
1,11,3,$                    494.00,742.39
6,1,7,$                    494.00,741.84
6,4,2,$                    494.00,741.84
11,1,2,$                    495.00,742.94
4,3,5,$                    496.00,744.60
1,7,8,$                    498.00,748.50
9,1,4,$                    498.00,747.38
8,1,5,$                    499.00,748.50
1,5,9,$                    500.00,750.75
7,1,6,$                    501.00,753.01
1,8,7,$                    502.00,753.58
1,4,10,$                    503.00,755.29
4,2,8,$                    506.00,759.88
1,3,12,$                    509.00,764.53
9,2,3,$                    510.00,765.70
2,5,6,$                    514.00,771.60
2,6,5,$                    519.00,778.82
1,9,5,$                    521.00,782.47
5,3,4,$                    521.00,783.09
2,3,10,$                    526.00,790.51
3,4,6,$                    528.00,792.39
4,7,2,$                    531.00,796.81
11,2,1,$                    531.00,797.45
9,3,2,$                    532.00,798.08
4,5,3,$                    534.00,801.92
5,7,1,$                    537.00,805.80
6,1,8,$                    539.00,809.06
7,5,1,$                    544.00,817.66
10,3,1,$                    545.00,818.33
5,4,3,$                    546.00,820.34
3,2,10,$                    547.00,821.69
3,6,4,$                    547.00,821.69
1,10,4,$                    549.00,823.72
2,12,1,$                    549.00,824.40
4,3,6,$                    551.00,827.13
7,4,2,$                    551.00,827.13
4,9,1,$                    553.00,830.56
8,1,6,$                    554.00,831.95
8,2,4,$                    557.00,836.12
1,6,9,$                    562.00,843.17
2,5,7,$                    565.00,848.90
3,1,12,$                    567.00,851.79
5,2,6,$                    571.00,856.90
2,7,5,$                    575.00,863.56
1,9,6,$                    579.00,869.57
3,4,7,$                    581.00,871.84
6,2,5,$                    581.00,872.60
4,8,2,$                    582.00,874.13
2,4,9,$                    583.00,874.89
9,4,1,$                    584.00,877.19
4,1,10,$                    585.00,878.73
5,8,1,$                    589.00,884.17
6,3,4,$                    589.00,884.96
5,1,9,$                    595.00,893.66
1,12,3,$                    597.00,896.06
4,6,3,$                    599.00,898.47
12,1,2,$                    600.00,900.90
8,5,1,$                    601.00,901.71
2,10,3,$                    602.00,903.34
7,1,8,$                    602.00,903.34
4,3,7,$                    606.00,909.92
6,7,1,$                    606.00,909.92
3,7,4,$                    607.00,910.75
8,1,7,$                    609.00,914.91
7,6,1,$                    610.00,915.75
3,11,1,$                    616.00,924.21
2,5,8,$                    617.00,925.93
6,4,3,$                    617.00,926.78
11,1,3,$                    618.00,928.51
1,7,9,$                    623.00,935.45
2,9,4,$                    623.00,935.45
5,2,7,$                    628.00,942.51
1,4,11,$                    629.00,944.29
2,8,5,$                    632.00,948.77
3,4,8,$                    633.00,951.47
4,2,9,$                    633.00,949.67
2,6,7,$                    634.00,952.38
1,9,7,$                    637.00,956.02
2,7,6,$                    639.00,959.69
9,1,5,$                    640.00,961.54
12,2,1,$                    644.00,967.12
5,6,2,$                    646.00,969.93
7,2,5,$                    648.00,973.71
6,5,2,$                    651.00,977.52
3,10,2,$                    652.00,978.47
7,3,4,$                    657.00,987.17
2,3,11,$                    658.00,988.14
4,3,8,$                    661.00,993.05
4,7,3,$                    663.00,996.02
6,8,1,$                    665.00,999.00
3,8,4,$                    666.00,1000.00
1,5,10,$                    667.00,1001.00
8,6,1,$                    673.00,1010.10
6,1,9,$                    674.00,1011.12
10,1,4,$                    682.00,1023.54
1,8,9,$                    684.00,1027.75
3,2,11,$                    684.00,1027.75
5,2,8,$                    685.00,1028.81
7,4,3,$                    689.00,1034.13
11,3,1,$                    691.00,1038.42
1,11,4,$                    692.00,1039.50
2,6,8,$                    692.00,1038.42
1,9,8,$                    695.00,1043.84
3,5,6,$                    697.00,1047.12
10,2,3,$                    698.00,1047.12
2,8,6,$                    702.00,1053.74
3,6,5,$                    704.00,1057.08
1,10,5,$                    705.00,1059.32
6,2,7,$                    710.00,1066.10
9,1,6,$                    711.00,1068.38
9,2,4,$                    714.00,1071.81
5,7,2,$                    716.00,1074.11
8,2,5,$                    716.00,1075.27
7,2,6,$                    720.00,1082.25
8,3,4,$                    726.00,1089.32
10,3,2,$                    727.00,1091.70
4,8,3,$                    728.00,1092.90
4,1,11,$                    731.00,1097.69
4,9,2,$                    737.00,1107.42
7,8,1,$                    741.00,1113.59
3,12,1,$                    743.00,1114.83
5,3,6,$                    745.00,1118.57
5,9,1,$                    745.00,1119.82
8,7,1,$                    745.00,1119.82
4,10,1,$                    747.00,1121.08
1,6,10,$                    749.00,1124.86
12,1,3,$                    750.00,1126.13
7,1,9,$                    752.00,1129.94
1,4,12,$                    755.00,1132.50
2,11,3,$                    758.00,1138.95
6,3,5,$                    758.00,1137.66
8,4,3,$                    760.00,1140.25
2,7,8,$                    767.00,1152.07
3,5,7,$                    767.00,1152.07
9,5,1,$                    769.00,1154.73
2,5,9,$                    771.00,1157.41
2,8,7,$                    772.00,1158.75
6,2,8,$                    775.00,1162.79
2,4,10,$                    777.00,1166.86
9,4,2,$                    779.00,1169.59
3,7,5,$                    780.00,1170.96
9,1,7,$                    782.00,1175.09
1,10,6,$                    784.00,1176.47
5,8,2,$                    785.00,1179.25
2,3,12,$                    790.00,1186.24
3,4,9,$                    792.00,1189.06
5,1,10,$                    794.00,1191.90
8,2,6,$                    795.00,1194.74
10,4,1,$                    798.00,1197.60
2,9,5,$                    801.00,1201.92
8,5,2,$                    801.00,1201.92
5,6,3,$                    807.00,1212.12
6,7,2,$                    808.00,1213.59
7,6,2,$                    813.00,1221.00
6,5,3,$                    814.00,1222.49
5,3,7,$                    819.00,1230.01
3,2,12,$                    821.00,1233.05
3,11,2,$                    821.00,1233.05
4,3,9,$                    827.00,1240.69
1,7,10,$                    831.00,1246.88
8,1,9,$                    831.00,1246.88
1,5,11,$                    834.00,1251.56
1,12,4,$                    835.00,1254.71
3,5,8,$                    837.00,1256.28
12,3,1,$                    838.00,1257.86
6,9,1,$                    842.00,1264.22
3,9,4,$                    844.00,1267.43
4,2,10,$                    844.00,1267.43
7,3,5,$                    845.00,1269.04
9,1,8,$                    854.00,1282.05
3,8,5,$                    856.00,1285.35
5,2,9,$                    856.00,1285.35
3,6,7,$                    860.00,1291.99
1,10,7,$                    862.00,1295.34
9,6,1,$                    862.00,1293.66
7,2,8,$                    864.00,1298.70
2,6,9,$                    865.00,1298.70
11,1,4,$                    866.00,1300.39
3,7,6,$                    867.00,1302.08
8,2,7,$                    875.00,1314.06
10,1,5,$                    876.00,1315.79
4,1,12,$                    878.00,1317.52
11,2,3,$                    885.00,1329.79
6,8,2,$                    887.00,1331.56
1,11,5,$                    890.00,1335.11
2,9,6,$                    890.00,1336.90
5,3,8,$                    894.00,1342.28
5,7,3,$                    894.00,1342.28
8,6,2,$                    897.00,1347.71
6,1,10,$                    898.00,1349.53
7,5,3,$                    907.00,1362.40
1,8,10,$                    913.00,1369.86
2,12,3,$                    915.00,1373.63
9,2,5,$                    918.00,1379.31
4,9,3,$                    922.00,1383.13
11,3,2,$                    922.00,1385.04
6,3,7,$                    926.00,1390.82
9,3,4,$                    930.00,1396.65
8,3,5,$                    933.00,1400.56
1,6,11,$                    936.00,1404.49
3,6,8,$                    938.00,1408.45
7,9,1,$                    938.00,1408.45
7,3,6,$                    939.00,1410.44
1,10,8,$                    941.00,1412.43
4,11,1,$                    941.00,1412.43
3,8,6,$                    951.00,1428.57
9,7,1,$                    955.00,1432.66
2,7,9,$                    959.00,1438.85
6,2,9,$                    968.00,1453.49
2,4,11,$                    971.00,1457.73
9,4,3,$                    973.00,1461.99
10,1,6,$                    974.00,1461.99
10,2,4,$                    977.00,1466.28
2,9,7,$                    979.00,1470.59
5,8,3,$                    981.00,1472.75
1,11,6,$                    988.00,1483.68
3,12,2,$                    990.00,1488.10
5,1,11,$                    992.00,1490.31
5,9,2,$                    994.00,1492.54
8,7,2,$                    994.00,1492.54
4,10,2,$                    996.00,1494.77
1,5,12,"$                 1,000.00",1501.50
8,5,3,"$                 1,001.00",1503.76
7,1,10,"$                 1,003.00",1506.02
5,10,1,"$                 1,006.00",1510.57
6,3,8,"$                 1,010.00",1517.45
6,7,3,"$                 1,010.00",1517.45
11,4,1,"$                 1,012.00",1519.76
7,6,3,"$                 1,017.00",1526.72
9,2,6,"$                 1,020.00",1531.39
9,5,2,"$                 1,026.00",1540.83
2,5,10,"$                 1,028.00",1543.21
8,9,1,"$                 1,035.00",1555.21
8,3,6,"$                 1,037.00",1557.63
1,7,11,"$                 1,038.00",1560.06
3,7,8,"$                 1,040.00",1562.50
3,5,9,"$                 1,046.00",1569.86
3,8,7,"$                 1,046.00",1572.33
9,8,1,"$                 1,047.00",1572.33
12,1,4,"$                 1,050.00",1577.29
10,5,1,"$                 1,051.00",1577.29
2,8,9,"$                 1,053.00",1579.78
4,2,11,"$                 1,054.00",1582.28
3,4,10,"$                 1,056.00",1584.79
2,11,4,"$                 1,061.00",1594.90
10,4,2,"$                 1,064.00",1597.44
2,9,8,"$                 1,068.00",1602.56
4,5,6,"$                 1,068.00",1602.56
10,1,7,"$                 1,071.00",1607.72
12,2,3,"$                 1,073.00",1610.31
1,12,5,"$                 1,074.00",1612.90
4,6,5,"$                 1,077.00",1618.12
7,2,9,"$                 1,081.00",1623.38
2,10,5,"$                 1,083.00",1626.02
3,9,5,"$                 1,085.00",1628.66
1,11,7,"$                 1,087.00",1633.99
5,4,6,"$                 1,093.00",1642.04
4,3,10,"$                 1,102.00",1655.63
8,1,10,"$                 1,108.00",1663.89
6,8,3,"$                 1,109.00",1663.89
6,4,5,"$                 1,111.00",1669.45
11,1,5,"$                 1,113.00",1672.24
5,3,9,"$                 1,117.00",1677.85
12,3,2,"$                 1,117.00",1677.85
8,6,3,"$                 1,122.00",1683.50
9,2,7,"$                 1,122.00",1683.50
1,6,12,"$                 1,123.00",1686.34
6,9,2,"$                 1,123.00",1686.34
7,3,8,"$                 1,127.00",1692.05
5,6,4,"$                 1,130.00",1697.79
4,12,1,"$                 1,134.00",1703.58
6,10,1,"$                 1,137.00",1706.48
6,5,4,"$                 1,139.00",1712.33
3,10,4,"$                 1,140.00",1712.33
8,3,7,"$                 1,140.00",1712.33
1,8,11,"$                 1,141.00",1712.33
5,2,10,"$                 1,142.00",1715.27
9,6,2,"$                 1,149.00",1724.14
2,6,10,"$                 1,153.00",1730.10
1,9,10,"$                 1,158.00",1739.13
2,4,12,"$                 1,166.00",1751.31
10,1,8,"$                 1,169.00",1754.39
3,6,9,"$                 1,173.00",1760.56
4,5,7,"$                 1,175.00",1763.67
1,10,9,"$                 1,176.00",1766.78
10,6,1,"$                 1,177.00",1766.78
1,11,8,"$                 1,186.00",1782.53
5,1,12,"$                 1,191.00",1788.91
1,12,6,"$                 1,193.00",1792.11
8,2,9,"$                 1,193.00",1792.11
4,7,5,"$                 1,194.00",1792.11
9,3,5,"$                 1,196.00",1795.33
5,4,7,"$                 1,202.00",1805.05
2,10,6,"$                 1,203.00",1805.05
3,9,6,"$                 1,205.00",1811.59
9,2,8,"$                 1,224.00",1838.24
12,4,1,"$                 1,226.00",1841.62
7,8,3,"$                 1,236.00",1855.29
11,1,6,"$                 1,237.00",1855.29
7,4,5,"$                 1,239.00",1862.20
11,2,4,"$                 1,240.00",1862.20
5,9,3,"$                 1,242.00",1865.67
8,7,3,"$                 1,242.00",1865.67
4,10,3,"$                 1,245.00",1869.16
1,7,12,"$                 1,246.00",1869.16
7,9,2,"$                 1,251.00",1879.70
5,7,4,"$                 1,252.00",1879.70
4,11,2,"$                 1,254.00",1883.24
7,1,11,"$                 1,254.00",1883.24
10,2,5,"$                 1,256.00",1886.79
6,3,9,"$                 1,263.00",1897.53
4,2,12,"$                 1,265.00",1901.14
5,11,1,"$                 1,267.00",1904.76
7,10,1,"$                 1,267.00",1901.14
7,5,4,"$                 1,270.00",1908.40
10,3,4,"$                 1,272.00",1908.40
9,7,2,"$                 1,273.00",1912.05
2,7,10,"$                 1,278.00",1919.39
4,5,8,"$                 1,281.00",1923.08
9,5,3,"$                 1,282.00",1926.78
2,5,11,"$                 1,285.00",1930.50
6,2,10,"$                 1,291.00",1937.98
3,7,9,"$                 1,300.00",1953.13
10,7,1,"$                 1,304.00",1956.95
4,8,5,"$                 1,310.00",1968.50
5,4,8,"$                 1,311.00",1968.50
1,12,7,"$                 1,313.00",1972.39
4,6,7,"$                 1,317.00",1976.28
3,4,11,"$                 1,320.00",1980.20
2,10,7,"$                 1,323.00",1988.07
3,9,7,"$                 1,326.00",1992.03
4,7,6,"$                 1,326.00",1992.03
9,3,6,"$                 1,329.00",1996.01
10,4,3,"$                 1,330.00",1996.01
11,5,1,"$                 1,332.00",2000.00
5,10,2,"$                 1,342.00",2016.13
6,1,12,"$                 1,347.00",2024.29
11,4,2,"$                 1,349.00",2024.29
12,1,5,"$                 1,350.00",2028.40
6,4,7,"$                 1,358.00",2040.82
11,1,7,"$                 1,360.00",2040.82
2,11,5,"$                 1,365.00",2049.18
8,4,5,"$                 1,367.00",2053.39
1,8,12,"$                 1,369.00",2053.39
5,8,4,"$                 1,374.00",2061.86
7,4,6,"$                 1,377.00",2066.12
4,3,11,"$                 1,378.00",2070.39
8,9,2,"$                 1,380.00",2070.39
8,1,11,"$                 1,385.00",2079.00
3,5,10,"$                 1,394.00",2092.05
10,2,6,"$                 1,395.00",2096.44
9,8,2,"$                 1,396.00",2096.44
8,10,1,"$                 1,397.00",2096.44
8,5,4,"$                 1,401.00",2105.26
10,5,2,"$                 1,401.00",2105.26
6,9,3,"$                 1,403.00",2105.26
2,8,10,"$                 1,404.00",2109.70
7,3,9,"$                 1,409.00",2114.16
6,7,4,"$                 1,414.00",2123.14
9,1,10,"$                 1,423.00",2136.75
7,6,4,"$                 1,424.00",2136.75
3,8,9,"$                 1,427.00",2141.33
5,2,11,"$                 1,427.00",2141.33
10,8,1,"$                 1,430.00",2145.92
6,11,1,"$                 1,431.00",2150.54
1,12,8,"$                 1,432.00",2150.54
3,11,4,"$                 1,437.00",2155.17
4,6,8,"$                 1,437.00",2155.17
9,6,3,"$                 1,437.00",2155.17
7,2,10,"$                 1,441.00",2164.50
2,10,8,"$                 1,444.00",2169.20
3,9,8,"$                 1,447.00",2173.91
1,9,11,"$                 1,448.00",2173.91
4,8,6,"$                 1,456.00",2183.41
10,1,9,"$                 1,461.00",2192.98
9,3,7,"$                 1,462.00",2192.98
3,10,5,"$                 1,466.00",2202.64
6,4,8,"$                 1,482.00",2227.17
1,11,9,"$                 1,483.00",2227.17
11,1,8,"$                 1,484.00",2227.17
5,3,10,"$                 1,490.00",2237.14
11,6,1,"$                 1,492.00",2242.15
12,1,6,"$                 1,500.00",2252.25
12,2,4,"$                 1,502.00",2257.34
7,1,12,"$                 1,504.00",2257.34
4,12,2,"$                 1,513.00",2272.73
6,10,2,"$                 1,515.00",2277.90
2,11,6,"$                 1,516.00",2277.90
8,4,6,"$                 1,519.00",2283.11
5,12,1,"$                 1,528.00",2293.58
10,2,7,"$                 1,535.00",2304.15
2,5,12,"$                 1,541.00",2314.81
6,8,4,"$                 1,552.00",2331.00
8,3,9,"$                 1,555.00",2336.45
3,6,10,"$                 1,564.00",2347.42
7,9,3,"$                 1,564.00",2347.42
4,11,3,"$                 1,568.00",2352.94
10,6,2,"$                 1,569.00",2358.49
8,6,4,"$                 1,570.00",2358.49
3,4,12,"$                 1,583.00",2375.30
8,2,10,"$                 1,590.00",2386.63
9,7,3,"$                 1,591.00",2386.63
4,7,8,"$                 1,592.00",2392.34
11,2,5,"$                 1,594.00",2392.34
7,11,1,"$                 1,595.00",2392.34
9,3,8,"$                 1,595.00",2392.34
2,7,11,"$                 1,598.00",2398.08
4,8,7,"$                 1,601.00",2403.85
4,5,9,"$                 1,602.00",2403.85
11,3,4,"$                 1,613.00",2421.31
6,2,11,"$                 1,614.00",2421.31
12,5,1,"$                 1,614.00",2421.31
3,10,6,"$                 1,629.00",2444.99
10,3,5,"$                 1,635.00",2457.00
12,4,2,"$                 1,635.00",2457.00
5,4,9,"$                 1,639.00",2463.05
2,12,5,"$                 1,647.00",2475.25
12,1,7,"$                 1,650.00",2475.25
7,4,8,"$                 1,652.00",2481.39
4,3,12,"$                 1,653.00",2481.39
4,9,5,"$                 1,659.00",2493.77
8,1,12,"$                 1,662.00",2493.77
2,11,7,"$                 1,668.00",2506.27
8,4,7,"$                 1,671.00",2512.56
10,2,8,"$                 1,674.00",2512.56
5,10,3,"$                 1,677.00",2518.89
6,3,10,"$                 1,684.00",2531.65
11,4,3,"$                 1,686.00",2531.65
7,10,2,"$                 1,689.00",2538.07
5,11,2,"$                 1,690.00",2538.07
5,2,12,"$                 1,713.00",2570.69
8,9,3,"$                 1,725.00",2590.67
6,12,1,"$                 1,726.00",2590.67
2,6,12,"$                 1,729.00",2597.40
7,8,4,"$                 1,730.00",2597.40
3,7,10,"$                 1,733.00",2604.17
3,12,4,"$                 1,733.00",2604.17
1,9,12,"$                 1,737.00",2610.97
10,7,2,"$                 1,738.00",2610.97
5,9,4,"$                 1,739.00",2610.97
8,7,4,"$                 1,739.00",2610.97
3,5,11,"$                 1,743.00",2617.80
9,8,3,"$                 1,745.00",2617.80
10,5,3,"$                 1,751.00",2631.58
9,4,5,"$                 1,752.00",2631.58
2,8,11,"$                 1,754.00",2631.58
8,11,1,"$                 1,759.00",2638.52
11,2,6,"$                 1,771.00",2659.57
5,6,7,"$                 1,776.00",2666.67
11,5,2,"$                 1,776.00",2666.67
9,1,11,"$                 1,778.00",2666.67
2,9,10,"$                 1,780.00",2673.80
9,10,1,"$                 1,788.00",2688.17
5,7,6,"$                 1,789.00",2688.17
1,12,9,"$                 1,790.00",2688.17
6,5,7,"$                 1,791.00",2688.17
3,10,7,"$                 1,792.00",2688.17
9,5,4,"$                 1,795.00",2695.42
4,6,9,"$                 1,796.00",2695.42
12,1,8,"$                 1,800.00",2702.70
7,2,11,"$                 1,801.00",2702.70
2,10,9,"$                 1,805.00",2710.03
12,6,1,"$                 1,808.00",2717.39
10,9,1,"$                 1,809.00",2717.39
11,8,1,"$                 1,813.00",2724.80
7,5,6,"$                 1,815.00",2724.80
10,3,6,"$                 1,817.00",2724.80
6,7,5,"$                 1,819.00",2732.24
2,11,8,"$                 1,820.00",2732.24
2,12,6,"$                 1,830.00",2747.25
7,6,5,"$                 1,830.00",2747.25
3,11,5,"$                 1,847.00",2770.08
6,4,9,"$                 1,852.00",2777.78
11,1,9,"$                 1,855.00",2785.52
5,3,11,"$                 1,862.00",2793.30
8,10,2,"$                 1,863.00",2793.30
7,3,10,"$                 1,879.00",2816.90
4,12,3,"$                 1,891.00",2840.91
6,10,3,"$                 1,894.00",2840.91
3,8,10,"$                 1,903.00",2857.14
10,8,2,"$                 1,907.00",2865.33
6,11,2,"$                 1,908.00",2865.33
2,7,12,"$                 1,917.00",2881.84
7,12,1,"$                 1,923.00",2890.17
12,2,5,"$                 1,932.00",2898.55
6,2,12,"$                 1,937.00",2906.98
5,6,8,"$                 1,938.00",2906.98
9,4,6,"$                 1,947.00",2923.98
11,2,7,"$                 1,948.00",2923.98
6,5,8,"$                 1,953.00",2932.55
3,6,11,"$                 1,955.00",2932.55
3,10,8,"$                 1,955.00",2932.55
12,3,4,"$                 1,955.00",2932.55
1,10,11,"$                 1,959.00",2941.18
10,6,3,"$                 1,962.00",2949.85
5,8,6,"$                 1,963.00",2949.85
6,9,4,"$                 1,964.00",2949.85
1,11,10,"$                 1,977.00",2967.36
8,2,11,"$                 1,988.00",2985.07
4,7,9,"$                 1,990.00",2985.07
11,6,2,"$                 1,990.00",2985.07
6,8,5,"$                 1,995.00",2994.01
10,3,7,"$                 1,998.00",3003.00
8,5,6,"$                 2,002.00",3003.00
12,7,1,"$                 2,002.00",3003.00
9,6,4,"$                 2,011.00",3021.15
2,12,7,"$                 2,013.00",3021.15
8,6,5,"$                 2,019.00",3030.30
4,9,7,"$                 2,028.00",3048.78
5,12,2,"$                 2,038.00",3058.10
9,2,10,"$                 2,040.00",3067.48
12,4,3,"$                 2,043.00",3067.48
3,11,6,"$                 2,052.00",3086.42
7,4,9,"$                 2,066.00",3105.59
8,3,10,"$                 2,073.00",3115.26
11,3,5,"$                 2,074.00",3115.26
3,5,12,"$                 2,092.00",3144.65
10,2,9,"$                 2,093.00",3144.65
2,8,12,"$                 2,105.00",3164.56
6,3,11,"$                 2,105.00",3164.56
7,10,3,"$                 2,111.00",3174.60
5,11,3,"$                 2,112.00",3174.60
11,2,8,"$                 2,125.00",3194.89
7,11,2,"$                 2,127.00",3194.89
9,1,12,"$                 2,134.00",3205.13
4,5,10,"$                 2,136.00",3205.13
9,4,7,"$                 2,141.00",3215.43
12,2,6,"$                 2,146.00",3225.81
5,7,8,"$                 2,147.00",3225.81
12,5,2,"$                 2,152.00",3236.25
5,8,7,"$                 2,159.00",3246.75
7,2,12,"$                 2,161.00",3246.75
3,7,11,"$                 2,167.00",3257.33
10,7,3,"$                 2,173.00",3257.33
7,5,8,"$                 2,178.00",3267.97
10,3,8,"$                 2,180.00",3278.69
4,8,9,"$                 2,183.00",3278.69
5,4,10,"$                 2,186.00",3278.69
7,9,4,"$                 2,190.00",3289.47
2,12,8,"$                 2,195.00",3300.33
12,8,1,"$                 2,196.00",3300.33
8,5,7,"$                 2,202.00",3311.26
11,7,2,"$                 2,204.00",3311.26
4,9,8,"$                 2,212.00",3322.26
11,5,3,"$                 2,220.00",3333.33
2,9,11,"$                 2,224.00",3344.48
7,8,5,"$                 2,224.00",3344.48
9,7,4,"$                 2,227.00",3344.48
3,12,5,"$                 2,228.00",3344.48
5,3,12,"$                 2,235.00",3355.70
8,7,5,"$                 2,236.00",3355.70
4,10,5,"$                 2,240.00",3367.00
12,1,9,"$                 2,249.00",3378.38
9,11,1,"$                 2,252.00",3378.38
3,11,7,"$                 2,258.00",3389.83
2,11,9,"$                 2,274.00",3412.97
8,4,9,"$                 2,279.00",3424.66
11,9,1,"$                 2,294.00",3448.28
6,12,2,"$                 2,301.00",3460.21
11,3,6,"$                 2,305.00",3460.21
8,10,3,"$                 2,328.00",3496.50
9,4,8,"$                 2,336.00",3508.77
3,6,12,"$                 2,346.00",3521.13
8,11,2,"$                 2,346.00",3521.13
5,10,4,"$                 2,348.00",3521.13
7,3,11,"$                 2,348.00",3521.13
1,10,12,"$                 2,351.00",3533.57
12,2,7,"$                 2,361.00",3546.10
3,8,11,"$                 2,378.00",3571.43
10,8,3,"$                 2,383.00",3584.23
6,11,3,"$                 2,385.00",3584.23
9,10,2,"$                 2,385.00",3584.23
1,12,10,"$                 2,386.00",3584.23
4,6,10,"$                 2,394.00",3597.12
10,4,5,"$                 2,394.00",3597.12
3,9,10,"$                 2,411.00",3623.19
12,6,2,"$                 2,411.00",3623.19
10,9,2,"$                 2,412.00",3623.19
8,9,4,"$                 2,415.00",3623.19
11,8,2,"$                 2,417.00",3623.19
5,6,9,"$                 2,422.00",3636.36
6,7,8,"$                 2,425.00",3636.36
10,1,11,"$                 2,435.00",3649.64
6,8,7,"$                 2,439.00",3663.00
7,6,8,"$                 2,440.00",3663.00
6,5,9,"$                 2,442.00",3663.00
3,10,9,"$                 2,443.00",3663.00
9,8,4,"$                 2,444.00",3663.00
10,5,4,"$                 2,452.00",3676.47
3,11,8,"$                 2,463.00",3703.70
8,6,7,"$                 2,468.00",3703.70
6,4,10,"$                 2,470.00",3703.70
7,8,6,"$                 2,471.00",3717.47
11,1,10,"$                 2,473.00",3717.47
3,12,6,"$                 2,476.00",3717.47
5,9,6,"$                 2,485.00",3731.34
8,7,6,"$                 2,485.00",3731.34
11,6,3,"$                 2,487.00",3731.34
4,10,6,"$                 2,489.00",3731.34
12,3,5,"$                 2,514.00",3773.58
6,3,12,"$                 2,526.00",3787.88
6,9,5,"$                 2,526.00",3787.88
11,3,7,"$                 2,535.00",3802.28
5,12,3,"$                 2,547.00",3831.42
9,2,11,"$                 2,550.00",3831.42
9,5,6,"$                 2,564.00",3846.15
7,12,2,"$                 2,565.00",3846.15
12,2,8,"$                 2,576.00",3861.00
9,6,5,"$                 2,586.00",3875.97
8,3,11,"$                 2,592.00",3891.05
3,7,12,"$                 2,600.00",3906.25
6,10,4,"$                 2,652.00",3984.06
4,7,10,"$                 2,653.00",3984.06
11,2,9,"$                 2,656.00",3984.06
9,3,10,"$                 2,658.00",3984.06
7,11,3,"$                 2,659.00",3984.06
10,4,6,"$                 2,659.00",4000.00
2,9,12,"$                 2,669.00",4016.06
12,7,2,"$                 2,669.00",4000.00
4,5,11,"$                 2,670.00",4016.06
5,7,9,"$                 2,683.00",4032.26
12,5,3,"$                 2,690.00",4032.26
9,12,1,"$                 2,715.00",4081.63
7,5,9,"$                 2,722.00",4081.63
10,3,9,"$                 2,725.00",4098.36
5,4,11,"$                 2,732.00",4098.36
5,9,7,"$                 2,733.00",4098.36
4,10,7,"$                 2,738.00",4115.23
2,12,9,"$                 2,744.00",4115.23
10,6,4,"$                 2,747.00",4132.23
7,4,10,"$                 2,754.00",4132.23
11,7,3,"$                 2,754.00",4132.23
11,3,8,"$                 2,766.00",4149.38
12,9,1,"$                 2,778.00",4166.67
12,3,6,"$                 2,793.00",4201.68
7,9,5,"$                 2,815.00",4219.41
7,3,12,"$                 2,818.00",4237.29
9,5,7,"$                 2,821.00",4237.29
4,11,5,"$                 2,822.00",4237.29
8,12,2,"$                 2,828.00",4255.32
3,8,12,"$                 2,854.00",4291.85
9,7,5,"$                 2,864.00",4291.85
6,12,3,"$                 2,876.00",4310.34
4,8,10,"$                 2,911.00",4366.81
10,1,12,"$                 2,922.00",4385.96
10,4,7,"$                 2,925.00",4385.96
12,8,2,"$                 2,928.00",4405.29
8,11,3,"$                 2,932.00",4405.29
5,8,9,"$                 2,944.00",4424.78
7,10,4,"$                 2,956.00",4444.44
5,11,4,"$                 2,957.00",4444.44
1,11,12,"$                 2,965.00",4444.44
3,12,8,"$                 2,971.00",4464.29
9,10,3,"$                 2,981.00",4484.30
5,9,8,"$                 2,982.00",4484.30
1,12,11,"$                 2,983.00",4484.30
4,10,8,"$                 2,987.00",4484.30
4,6,11,"$                 2,993.00",4484.30
12,1,10,"$                 2,999.00",4504.50
9,11,2,"$                 3,002.00",4504.50
8,5,9,"$                 3,003.00",4504.50
2,10,11,"$                 3,008.00",4524.89
12,6,3,"$                 3,013.00",4524.89
3,9,11,"$                 3,014.00",4524.89
10,9,3,"$                 3,015.00",4524.89
11,8,3,"$                 3,021.00",4545.45
6,7,9,"$                 3,031.00",4545.45
2,11,10,"$                 3,033.00",4545.45
11,4,5,"$                 3,036.00",4566.21
8,4,10,"$                 3,039.00",4566.21
10,7,4,"$                 3,042.00",4566.21
7,6,9,"$                 3,051.00",4587.16
11,9,2,"$                 3,058.00",4587.16
9,2,12,"$                 3,060.00",4587.16
12,3,7,"$                 3,072.00",4608.29
9,5,8,"$                 3,077.00",4629.63
3,11,9,"$                 3,079.00",4629.63
6,4,11,"$                 3,087.00",4629.63
6,9,7,"$                 3,087.00",4629.63
11,10,1,"$                 3,095.00",4651.16
8,9,5,"$                 3,105.00",4672.90
11,5,4,"$                 3,109.00",4672.90
8,3,12,"$                 3,110.00",4672.90
7,9,6,"$                 3,128.00",4694.84
4,11,6,"$                 3,135.00",4716.98
9,8,5,"$                 3,142.00",4716.98
9,6,7,"$                 3,160.00",4739.34
9,7,6,"$                 3,182.00",4784.69
10,4,8,"$                 3,191.00",4784.69
4,5,12,"$                 3,204.00",4807.69
7,12,3,"$                 3,206.00",4807.69
12,2,9,"$                 3,219.00",4830.92
5,6,10,"$                 3,230.00",4854.37
6,5,10,"$                 3,255.00",4878.05
8,10,4,"$                 3,260.00",4901.96
5,4,12,"$                 3,279.00",4926.11
4,7,11,"$                 3,316.00",4975.12
9,3,11,"$                 3,322.00",5000.00
6,8,9,"$                 3,326.00",5000.00
10,8,4,"$                 3,337.00",5000.00
12,7,3,"$                 3,337.00",5000.00
6,11,4,"$                 3,339.00",5025.13
12,3,8,"$                 3,352.00",5025.13
5,10,6,"$                 3,355.00",5025.13
8,6,9,"$                 3,365.00",5050.51
6,9,8,"$                 3,368.00",5050.51
11,4,6,"$                 3,373.00",5076.14
4,12,5,"$                 3,403.00",5102.04
6,10,5,"$                 3,410.00",5128.21
7,4,11,"$                 3,443.00",5181.35
9,6,8,"$                 3,448.00",5181.35
4,11,7,"$                 3,449.00",5181.35
8,9,6,"$                 3,450.00",5181.35
11,3,9,"$                 3,457.00",5181.35
11,6,4,"$                 3,482.00",5235.60
10,2,11,"$                 3,488.00",5235.60
9,8,6,"$                 3,491.00",5235.60
10,5,6,"$                 3,502.00",5263.16
10,6,5,"$                 3,531.00",5291.01
8,12,3,"$                 3,535.00",5319.15
11,2,10,"$                 3,541.00",5319.15
5,12,4,"$                 3,566.00",5347.59
5,7,10,"$                 3,578.00",5376.34
4,6,12,"$                 3,591.00",5405.41
2,10,12,"$                 3,609.00",5405.41
3,9,12,"$                 3,616.00",5434.78
7,5,10,"$                 3,630.00",5464.48
4,8,11,"$                 3,639.00",5464.48
2,12,10,"$                 3,659.00",5494.51
12,8,3,"$                 3,660.00",5494.51
12,4,5,"$                 3,678.00",5524.86
4,9,10,"$                 3,686.00",5524.86
5,10,7,"$                 3,690.00",5555.56
12,9,2,"$                 3,704.00",5555.56
6,4,12,"$                 3,705.00",5555.56
10,12,1,"$                 3,705.00",5555.56
7,8,9,"$                 3,707.00",5555.56
11,1,12,"$                 3,710.00",5555.56
11,4,7,"$                 3,710.00",5555.56
3,12,9,"$                 3,714.00",5586.59
7,11,4,"$                 3,722.00",5586.59
8,7,9,"$                 3,727.00",5586.59
4,10,9,"$                 3,734.00",5617.98
12,10,1,"$                 3,748.00",5617.98
12,1,11,"$                 3,749.00",5617.98
9,11,3,"$                 3,753.00",5649.72
7,9,8,"$                 3,754.00",5649.72
4,11,8,"$                 3,763.00",5649.72
12,5,4,"$                 3,766.00",5649.72
4,12,6,"$                 3,782.00",5681.82
8,9,7,"$                 3,795.00",5714.29
8,4,11,"$                 3,798.00",5714.29
7,10,5,"$                 3,800.00",5714.29
9,7,8,"$                 3,818.00",5747.13
11,9,3,"$                 3,823.00",5747.13
9,8,7,"$                 3,840.00",5780.35
10,5,7,"$                 3,852.00",5780.35
11,7,4,"$                 3,856.00",5780.35
9,4,10,"$                 3,893.00",5847.95
10,7,5,"$                 3,911.00",5882.35
5,8,10,"$                 3,926.00",5882.35
4,7,12,"$                 3,979.00",5988.02
9,3,12,"$                 3,987.00",5988.02
10,4,9,"$                 3,989.00",5988.02
8,5,10,"$                 4,004.00",6024.10
5,10,8,"$                 4,026.00",6060.61
6,12,4,"$                 4,027.00",6060.61
5,6,11,"$                 4,037.00",6060.61
6,7,10,"$                 4,041.00",6060.61
11,4,8,"$                 4,047.00",6060.61
7,6,10,"$                 4,067.00",6097.56
6,5,11,"$                 4,069.00",6097.56
3,10,11,"$                 4,072.00",6097.56
12,4,6,"$                 4,086.00",6134.97
10,11,2,"$                 4,098.00",6134.97
3,11,10,"$                 4,105.00",6172.84
8,11,4,"$                 4,105.00",6172.84
7,4,12,"$                 4,131.00",6211.18
4,12,7,"$                 4,160.00",6250.00
6,10,7,"$                 4,167.00",6250.00
9,10,4,"$                 4,173.00",6250.00
10,2,12,"$                 4,186.00",6289.31
12,3,9,"$                 4,190.00",6289.31
8,10,5,"$                 4,191.00",6289.31
10,5,8,"$                 4,203.00",6329.11
12,6,4,"$                 4,219.00",6329.11
10,9,4,"$                 4,221.00",6329.11
7,10,6,"$                 4,223.00",6329.11
5,11,6,"$                 4,225.00",6329.11
11,8,4,"$                 4,230.00",6369.43
10,8,5,"$                 4,290.00",6451.61
12,2,10,"$                 4,293.00",6451.61
6,11,5,"$                 4,294.00",6451.61
10,6,7,"$                 4,316.00",6493.51
10,7,6,"$                 4,345.00",6535.95
4,8,12,"$                 4,367.00",6535.95
6,8,10,"$                 4,434.00",6666.67
11,5,6,"$                 4,441.00",6666.67
5,7,11,"$                 4,472.00",6711.41
11,6,5,"$                 4,477.00",6711.41
8,6,10,"$                 4,487.00",6756.76
7,12,4,"$                 4,488.00",6756.76
12,4,7,"$                 4,495.00",6756.76
9,12,3,"$                 4,525.00",6802.72
7,5,11,"$                 4,537.00",6802.72
4,12,8,"$                 4,538.00",6802.72
10,3,11,"$                 4,542.00",6802.72
6,10,8,"$                 4,546.00",6849.32
2,11,12,"$                 4,549.00",6849.32
8,4,12,"$                 4,558.00",6849.32
2,12,11,"$                 4,574.00",6849.32
4,9,11,"$                 4,608.00",6896.55
11,3,10,"$                 4,610.00",6944.44
12,9,3,"$                 4,630.00",6944.44
5,11,7,"$                 4,647.00",6993.01
8,10,6,"$                 4,657.00",6993.01
12,7,4,"$                 4,671.00",6993.01
11,12,1,"$                 4,697.00",7042.25
4,11,9,"$                 4,703.00",7042.25
10,6,8,"$                 4,708.00",7092.20
12,11,1,"$                 4,718.00",7092.20
10,8,6,"$                 4,766.00",7142.86
7,11,5,"$                 4,785.00",7194.24
5,6,12,"$                 4,845.00",7299.27
9,4,11,"$                 4,866.00",7299.27
6,5,12,"$                 4,883.00",7352.94
11,5,7,"$                 4,885.00",7352.94
3,10,12,"$                 4,887.00",7352.94
5,8,11,"$                 4,907.00",7352.94
10,12,2,"$                 4,941.00",7407.41
7,8,10,"$                 4,943.00",7407.41
8,12,4,"$                 4,949.00",7407.41
3,12,10,"$                 4,952.00",7462.69
11,7,5,"$                 4,958.00",7462.69
5,9,10,"$                 4,970.00",7462.69
8,7,10,"$                 4,970.00",7462.69
12,10,2,"$                 4,997.00",7518.80
8,5,11,"$                 5,005.00",7518.80
5,10,9,"$                 5,032.00",7575.76
6,7,11,"$                 5,052.00",7575.76
11,4,9,"$                 5,059.00",7575.76
7,10,8,"$                 5,067.00",7633.59
5,11,8,"$                 5,070.00",7633.59
7,6,11,"$                 5,084.00",7633.59
5,12,6,"$                 5,095.00",7633.59
10,11,3,"$                 5,122.00",7692.31
8,10,7,"$                 5,123.00",7692.31
12,8,4,"$                 5,124.00",7692.31
9,5,10,"$                 5,128.00",7692.31
11,10,3,"$                 5,158.00",7751.94
6,12,5,"$                 5,178.00",7751.94
10,7,8,"$                 5,214.00",7812.50
10,8,7,"$                 5,243.00",7874.02
6,11,7,"$                 5,248.00",7874.02
10,5,9,"$                 5,253.00",7874.02
9,11,4,"$                 5,254.00",7874.02
8,11,5,"$                 5,277.00",7936.51
11,2,12,"$                 5,312.00",8000.00
7,11,6,"$                 5,317.00",8000.00
11,5,8,"$                 5,329.00",8000.00
11,9,4,"$                 5,352.00",8064.52
9,10,5,"$                 5,365.00",8064.52
5,7,12,"$                 5,366.00",8064.52
12,2,11,"$                 5,366.00",8064.52
12,5,6,"$                 5,380.00",8064.52
12,6,5,"$                 5,424.00",8130.08
10,9,5,"$                 5,428.00",8130.08
11,8,5,"$                 5,439.00",8196.72
7,5,12,"$                 5,444.00",8196.72
10,3,12,"$                 5,450.00",8196.72
11,6,7,"$                 5,472.00",8196.72
11,7,6,"$                 5,509.00",8264.46
4,9,12,"$                 5,530.00",8333.33
6,8,11,"$                 5,543.00",8333.33
12,3,10,"$                 5,586.00",8403.36
5,12,7,"$                 5,604.00",8403.36
8,6,11,"$                 5,609.00",8403.36
6,9,10,"$                 5,613.00",8403.36
4,12,9,"$                 5,672.00",8547.01
6,11,8,"$                 5,725.00",8620.69
9,6,10,"$                 5,746.00",8620.69
7,12,5,"$                 5,770.00",8695.65
9,4,12,"$                 5,840.00",8771.93
8,11,6,"$                 5,864.00",8771.93
10,6,9,"$                 5,885.00",8849.56
5,8,12,"$                 5,888.00",8849.56
12,5,7,"$                 5,918.00",8849.56
9,10,6,"$                 5,961.00",8928.57
11,6,8,"$                 5,970.00",8928.57
8,5,12,"$                 6,006.00",9009.01
12,7,5,"$                 6,006.00",9009.01
10,9,6,"$                 6,031.00",9090.91
11,8,6,"$                 6,043.00",9090.91
6,7,12,"$                 6,062.00",9090.91
7,6,12,"$                 6,101.00",9174.31
5,12,8,"$                 6,114.00",9174.31
12,4,9,"$                 6,130.00",9174.31
3,11,12,"$                 6,157.00",9259.26
10,12,3,"$                 6,176.00",9259.26
7,8,11,"$                 6,179.00",9259.26
3,12,11,"$                 6,190.00",9259.26
5,9,11,"$                 6,212.00",9345.79
8,7,11,"$                 6,212.00",9345.79
4,10,11,"$                 6,223.00",9345.79
12,10,3,"$                 6,247.00",9345.79
7,9,10,"$                 6,256.00",9433.96
11,12,2,"$                 6,262.00",9433.96
4,11,10,"$                 6,271.00",9433.96
12,11,2,"$                 6,291.00",9433.96
6,12,7,"$                 6,328.00",9523.81
7,10,9,"$                 6,334.00",9523.81
9,12,4,"$                 6,335.00",9523.81
5,11,9,"$                 6,337.00",9523.81
8,12,5,"$                 6,364.00",9523.81
9,7,10,"$                 6,364.00",9523.81
7,11,8,"$                 6,380.00",9615.38
7,12,6,"$                 6,411.00",9615.38
9,5,11,"$                 6,411.00",9615.38
8,11,7,"$                 6,450.00",9708.74
12,5,8,"$                 6,456.00",9708.74
12,9,4,"$                 6,482.00",9708.74
10,7,9,"$                 6,518.00",9803.92
9,10,7,"$                 6,558.00",9803.92
12,8,5,"$                 6,588.00",9900.99
11,7,8,"$                 6,611.00",9900.99
12,6,7,"$                 6,629.00",10000.00
10,9,7,"$                 6,634.00",10000.00
11,8,7,"$                 6,647.00",10000.00
10,4,11,"$                 6,649.00",10000.00
6,8,12,"$                 6,651.00",10000.00
12,7,6,"$                 6,673.00",10000.00
8,6,12,"$                 6,730.00",10101.01
11,4,10,"$                 6,746.00",10101.01
9,11,5,"$                 6,755.00",10101.01
11,9,5,"$                 6,881.00",10309.28
8,9,10,"$                 6,900.00",10309.28
6,12,8,"$                 6,903.00",10416.67
11,3,12,"$                 6,914.00",10416.67
9,8,10,"$                 6,981.00",10526.32
12,3,11,"$                 6,983.00",10526.32
8,10,9,"$                 6,985.00",10526.32
6,9,11,"$                 7,016.00",10526.32
8,12,6,"$                 7,071.00",10638.30
10,8,9,"$                 7,150.00",10752.69
9,10,8,"$                 7,154.00",10752.69
6,11,9,"$                 7,156.00",10752.69
10,11,4,"$                 7,171.00",10752.69
9,6,11,"$                 7,183.00",10752.69
11,10,4,"$                 7,221.00",10869.57
12,6,8,"$                 7,232.00",10869.57
10,9,8,"$                 7,237.00",10869.57
12,8,6,"$                 7,320.00",10989.01
7,8,12,"$                 7,414.00",11111.11
5,9,12,"$                 7,454.00",11235.96
8,7,12,"$                 7,454.00",11235.96
11,6,9,"$                 7,462.00",11235.96
4,10,12,"$                 7,468.00",11235.96
9,11,6,"$                 7,506.00",11235.96
4,12,10,"$                 7,563.00",11363.64
5,12,9,"$                 7,642.00",11494.25
11,9,6,"$                 7,645.00",11494.25
9,5,12,"$                 7,693.00",11494.25
7,12,8,"$                 7,694.00",11494.25
8,12,7,"$                 7,778.00",11627.91
7,9,11,"$                 7,820.00",11764.71
11,12,3,"$                 7,828.00",11764.71
12,11,3,"$                 7,863.00",11764.71
9,7,11,"$                 7,955.00",11904.76
7,11,9,"$                 7,976.00",11904.76
10,4,12,"$                 7,978.00",12048.19
12,7,8,"$                 8,008.00",12048.19
12,8,7,"$                 8,052.00",12048.19
12,5,9,"$                 8,070.00",12048.19
9,12,5,"$                 8,145.00",12195.12
12,4,10,"$                 8,173.00",12345.68
9,11,7,"$                 8,256.00",12345.68
11,7,9,"$                 8,263.00",12345.68
12,9,5,"$                 8,334.00",12500.00
5,10,11,"$                 8,387.00",12658.23
11,9,7,"$                 8,410.00",12658.23
6,9,12,"$                 8,419.00",12658.23
9,6,12,"$                 8,619.00",12987.01
8,9,11,"$                 8,625.00",12987.01
6,12,9,"$                 8,629.00",12987.01
10,12,4,"$                 8,646.00",12987.01
9,8,11,"$                 8,727.00",13157.89
12,10,4,"$                 8,745.00",13157.89
10,5,11,"$                 8,756.00",13157.89
8,11,9,"$                 8,796.00",13157.89
11,5,10,"$                 8,882.00",13333.33
9,11,8,"$                 9,007.00",13513.51
12,6,9,"$                 9,040.00",13513.51
9,12,6,"$                 9,050.00",13513.51
11,8,9,"$                 9,064.00",13698.63
11,9,8,"$                 9,174.00",13698.63
10,11,5,"$                 9,220.00",13888.89
12,9,6,"$                 9,260.00",13888.89
11,10,5,"$                 9,284.00",13888.89
7,9,12,"$                 9,384.00",14084.51
4,11,12,"$                 9,406.00",14084.51
4,12,11,"$                 9,454.00",14285.71
6,10,11,"$                 9,471.00",14285.71
6,11,10,"$                 9,541.00",14285.71
9,7,12,"$                 9,546.00",14285.71
7,12,9,"$                 9,617.00",14492.75
10,6,11,"$                 9,809.00",14705.88
11,6,10,"$                 9,950.00",14925.37
9,12,7,"$                 9,955.00",14925.37
12,7,9,"$               10,010.00",14925.37
5,10,12,"$               10,064.00",15151.52
11,4,12,"$               10,118.00",15151.52
12,9,7,"$               10,186.00",15384.62
5,12,10,"$               10,190.00",15384.62
12,4,11,"$               10,216.00",15384.62
10,11,6,"$               10,245.00",15384.62
11,10,6,"$               10,315.00",15384.62
8,9,12,"$               10,351.00",15625.00
9,8,12,"$               10,472.00",15625.00
10,5,12,"$               10,507.00",15873.02
7,10,11,"$               10,556.00",15873.02
8,12,9,"$               10,606.00",15873.02
7,11,10,"$               10,634.00",15873.02
12,5,10,"$               10,760.00",16129.03
9,12,8,"$               10,860.00",16393.44
10,7,11,"$               10,863.00",16393.44
11,12,4,"$               10,959.00",16393.44
12,8,9,"$               10,980.00",16393.44
12,11,4,"$               11,009.00",16666.67
11,7,10,"$               11,018.00",16666.67
12,9,8,"$               11,112.00",16666.67
10,12,5,"$               11,116.00",16666.67
12,10,5,"$               11,244.00",16949.15
11,10,7,"$               11,347.00",16949.15
6,10,12,"$               11,365.00",16949.15
6,12,10,"$               11,506.00",17241.38
8,10,11,"$               11,642.00",17543.86
8,11,10,"$               11,728.00",17543.86
10,6,12,"$               11,771.00",17543.86
10,8,11,"$               11,916.00",17857.14
12,6,10,"$               12,053.00",18181.82
11,8,10,"$               12,086.00",18181.82
10,11,8,"$               12,294.00",18518.52
10,12,6,"$               12,352.00",18518.52
11,10,8,"$               12,378.00",18518.52
12,10,6,"$               12,493.00",18867.92
7,10,12,"$               12,668.00",18867.92
5,11,12,"$               12,674.00",18867.92
5,12,11,"$               12,737.00",19230.77
7,12,10,"$               12,823.00",19230.77
10,7,12,"$               13,035.00",19607.84
11,5,12,"$               13,323.00",20000.00
12,7,10,"$               13,346.00",20000.00
12,5,11,"$               13,449.00",20000.00
10,12,7,"$               13,587.00",20408.16
12,10,7,"$               13,743.00",20833.33
8,10,12,"$               13,971.00",20833.33
11,12,5,"$               14,090.00",21276.60
8,12,10,"$               14,141.00",21276.60
12,11,5,"$               14,154.00",21276.60
10,8,12,"$               14,299.00",21276.60
6,11,12,"$               14,312.00",21276.60
6,12,11,"$               14,382.00",21739.13
12,8,10,"$               14,640.00",22222.22
10,12,8,"$               14,822.00",22222.22
9,10,11,"$               14,903.00",22222.22
11,6,12,"$               14,925.00",22222.22
12,10,8,"$               14,992.00",22727.27
9,11,10,"$               15,011.00",22727.27
12,6,11,"$               15,066.00",22727.27
10,9,11,"$               15,077.00",22727.27
11,9,10,"$               15,290.00",22727.27
10,11,9,"$               15,367.00",23255.81
11,10,9,"$               15,473.00",23255.81
11,12,6,"$               15,655.00",23255.81
12,11,6,"$               15,727.00",23809.52
7,11,12,"$               15,951.00",23809.52
7,12,11,"$               16,029.00",23809.52
11,7,12,"$               16,527.00",25000.00
12,7,11,"$               16,683.00",25000.00
11,12,7,"$               17,221.00",25641.03
12,11,7,"$               17,300.00",26315.79
8,11,12,"$               17,591.00",26315.79
8,12,11,"$               17,676.00",26315.79
10,9,12,"$               18,092.00",27027.03
9,12,10,"$               18,099.00",27027.03
11,8,12,"$               18,129.00",27027.03
12,8,11,"$               18,300.00",27777.78
12,9,10,"$               18,520.00",27777.78
10,12,9,"$               18,527.00",27777.78
12,10,9,"$               18,740.00",27777.78
11,12,8,"$               18,787.00",28571.43
12,11,8,"$               18,872.00",28571.43
9,11,12,"$               22,517.00",33333.33
9,12,11,"$               22,624.00",34482.76
11,9,12,"$               22,935.00",34482.76
12,9,11,"$               23,150.00",34482.76
11,12,9,"$               23,483.00",35714.29
12,11,9,"$               23,590.00",35714.29
10,11,12,"$               30,734.00",45454.55
10,12,11,"$               30,879.00",45454.55
11,10,12,"$               30,946.00",45454.55
12,10,11,"$               31,233.00",47619.05
11,12,10,"$               31,311.00",47619.05
